,employee_id,name,gender,department,role,salary,hire_date,exit_date,age,education,performance_score,attrition,location
0,21,Employee_21,Male,IT,Data Engineer,56049,2023-08-25,2024-11-29,27,M.Tech,3.2,Yes,Pune
1,22,Employee_22,Male,IT,Software Engineer,54328,2023-07-18,2024-10-19,39,M.Tech,3.1,Yes,Pune
2,23,Employee_23,Male,HR,Recruiter,93046,2016-05-27,,23,BA,4.4,No,Delhi
3,24,Employee_24,Male,Sales,Sales Manager,46698,2025-02-10,,35,BBA,3.7,No,Pune
4,25,Employee_25,Female,IT,Business Analyst,75142,2024-10-01,,35,B.Tech,4.1,No,Pune
5,26,Employee_26,Male,IT,Software Engineer,83336,2023-08-06,2024-06-15,32,B.Tech,4.7,Yes,Hyderabad
6,27,Employee_27,Female,Finance,Financial Analyst,64260,2022-03-02,2025-10-22,29,MBA,4.4,Yes,Pune
7,28,Employee_28,Male,Operations,Supervisor,50708,2020-12-19,2025-10-10,35,MBA,5.0,Yes,Delhi
8,29,Employee_29,Male,Sales,Sales Executive,92759,2022-08-12,,35,MBA,3.1,No,Mumbai
9,30,Employee_30,Female,HR,HR Coordinator,49363,2023-03-08,,27,BA,4.5,No,Pune
10,31,Employee_31,Female,Operations,Operations Analyst,63723,2023-09-10,2024-03-14,27,MBA,3.2,Yes,Bangalore
11,32,Employee_32,Male,HR,HR Manager,65216,2021-11-14,2025-10-10,42,MBA,4.1,Yes,Bangalore
12,33,Employee_33,Female,Finance,Accountant,59234,2021-04-11,,28,MBA,3.0,No,Pune
13,34,Employee_34,Male,Operations,Team Lead,97050,2019-02-20,2025-03-02,32,BBA,3.3,Yes,Pune
14,35,Employee_35,Male,Operations,Logistics Manager,72021,2025-12-07,,26,MBA,4.8,No,Mumbai
15,36,Employee_36,Male,Sales,Sales Associate,45161,2025-03-11,2025-12-09,38,BBA,5.0,Yes,Mumbai
16,37,Employee_37,Male,Finance,Treasury Analyst,53880,2020-02-08,,45,B.Com,4.4,No,Delhi
17,38,Employee_38,Female,Operations,Operations Analyst,47930,2023-05-16,2024-01-26,30,BBA,3.7,Yes,Pune
18,39,Employee_39,Male,IT,Software Engineer,55003,2025-05-24,2025-12-11,24,B.Sc,3.1,Yes,Delhi
19,40,Employee_40,Female,Sales,Sales Associate,48671,2018-01-15,,41,MBA,3.5,No,Hyderabad
20,41,Employee_41,Male,IT,Software Engineer,83187,2021-04-26,2021-09-27,34,B.Sc,3.8,Yes,Bangalore
21,42,Employee_42,Female,Finance,Accountant,56295,2024-01-02,2025-05-19,29,MBA,3.3,Yes,Delhi
22,43,Employee_43,Male,IT,Business Analyst,92954,2016-06-28,2025-01-08,40,B.Tech,3.1,Yes,Bangalore
23,44,Employee_44,Male,Sales,Sales Manager,71826,2020-10-02,2020-11-05,29,MBA,4.8,Yes,Hyderabad
24,45,Employee_45,Female,Finance,Treasury Analyst,58694,2021-05-29,,45,MBA,3.3,No,Mumbai
25,46,Employee_46,Male,Operations,Team Lead,89019,2022-08-20,2025-07-25,24,BBA,4.2,Yes,Bangalore
26,47,Employee_47,Male,Sales,Sales Executive,78996,2025-05-22,2025-11-20,44,BBA,3.8,Yes,Pune
27,48,Employee_48,Male,Operations,Team Lead,67474,2018-10-12,2021-07-15,41,MBA,4.9,Yes,Delhi
28,49,Employee_49,Female,HR,HR Executive,84019,2018-11-30,2024-02-19,32,MBA,3.6,Yes,Bangalore
29,50,Employee_50,Male,IT,Software Developer,53969,2020-06-23,2022-08-18,31,B.Tech,4.9,Yes,Mumbai
30,51,Employee_51,Female,Sales,Sales Manager,94640,2020-01-22,2023-07-01,45,MBA,4.2,Yes,Pune
31,52,Employee_52,Male,Sales,Sales Manager,47564,2016-03-04,2018-07-15,26,BBA,3.5,Yes,Delhi
32,53,Employee_53,Female,Operations,Operations Analyst,56457,2016-08-30,,24,BBA,4.3,No,Bangalore
33,54,Employee_54,Male,Finance,Financial Analyst,81753,2023-03-20,,28,MBA,4.1,No,Pune
34,55,Employee_55,Male,IT,Software Engineer,97875,2018-05-27,,27,M.Tech,3.1,No,Pune
35,56,Employee_56,Male,HR,HR Executive,42741,2022-09-11,2023-05-09,34,BA,4.8,Yes,Mumbai
36,57,Employee_57,Female,Operations,Operations Analyst,80675,2017-09-30,2018-02-08,27,BBA,4.7,Yes,Hyderabad
37,58,Employee_58,Male,Finance,Treasury Analyst,92575,2018-08-22,2019-02-26,30,MBA,3.3,Yes,Hyderabad
38,59,Employee_59,Female,Sales,Sales Executive,93515,2020-12-27,2021-03-15,34,MBA,4.6,Yes,Mumbai
39,60,Employee_60,Male,HR,Recruiter,58258,2016-06-16,,25,MBA,3.7,No,Pune
40,61,Employee_61,Female,IT,Software Engineer,97477,2023-03-23,,28,M.Tech,4.9,No,Bangalore
41,62,Employee_62,Male,Operations,Operations Analyst,62654,2017-12-24,2024-07-11,33,MBA,4.2,Yes,Hyderabad
42,63,Employee_63,Male,Finance,Accountant,86450,2021-04-05,2024-11-01,23,B.Com,3.7,Yes,Delhi
43,64,Employee_64,Female,IT,Data Engineer,73234,2022-09-07,,44,B.Sc,3.7,No,Pune
44,65,Employee_65,Male,Sales,Sales Manager,83576,2021-11-25,,44,BBA,4.2,No,Hyderabad
45,66,Employee_66,Male,Finance,Auditor,53774,2021-05-01,,41,MBA,3.9,No,Mumbai
46,67,Employee_67,Female,Sales,Sales Associate,45557,2022-12-20,2024-04-23,39,MBA,3.2,Yes,Delhi
47,68,Employee_68,Male,Sales,Sales Executive,43028,2023-05-29,2024-11-15,38,BBA,3.9,Yes,Hyderabad
48,69,Employee_69,Female,Sales,Sales Executive,82995,2018-06-10,2024-04-30,23,BBA,4.6,Yes,Mumbai
49,70,Employee_70,Female,IT,Software Developer,56331,2016-08-21,,26,B.Sc,3.3,No,Pune
50,71,Employee_71,Female,HR,HR Coordinator,94432,2020-01-03,,37,BA,4.5,No,Hyderabad
51,72,Employee_72,Female,Sales,Sales Associate,58173,2017-07-25,,39,MBA,4.3,No,Hyderabad
52,73,Employee_73,Male,Finance,Financial Analyst,57807,2022-05-21,2023-04-28,33,B.Com,3.3,Yes,Hyderabad
53,74,Employee_74,Male,IT,Business Analyst,66712,2022-06-10,2024-09-14,40,B.Sc,3.8,Yes,Hyderabad
54,75,Employee_75,Male,Operations,Operations Analyst,71259,2026-01-31,,34,MBA,4.5,No,Pune
55,76,Employee_76,Male,HR,HR Executive,57887,2021-04-06,,38,BA,3.8,No,Mumbai
56,77,Employee_77,Female,Sales,Sales Associate,75004,2025-11-06,,35,BBA,3.2,No,Mumbai
57,78,Employee_78,Female,Sales,Sales Executive,57049,2021-11-25,,33,BBA,3.9,No,Hyderabad
58,79,Employee_79,Female,HR,Recruiter,94716,2025-03-26,2025-08-17,38,BA,4.5,Yes,Delhi
59,80,Employee_80,Male,IT,Software Engineer,56205,2023-12-01,2025-11-15,23,M.Tech,3.3,Yes,Hyderabad
60,81,Employee_81,Male,Operations,Supervisor,70476,2018-04-22,2021-11-16,31,MBA,3.3,Yes,Mumbai
61,82,Employee_82,Male,Operations,Team Lead,60444,2019-09-11,2022-07-01,44,MBA,3.8,Yes,Bangalore
62,83,Employee_83,Male,Finance,Accountant,92181,2019-10-21,,24,MBA,4.1,No,Bangalore
63,84,Employee_84,Female,IT,Business Analyst,93892,2020-08-27,,26,B.Sc,4.9,No,Mumbai
64,85,Employee_85,Female,Sales,Sales Associate,74193,2018-11-09,,31,MBA,3.9,No,Delhi
65,86,Employee_86,Male,IT,Data Engineer,97778,2021-02-04,,30,B.Sc,4.1,No,Delhi
66,87,Employee_87,Male,HR,Recruiter,51917,2020-09-06,,29,MBA,4.6,No,Delhi
67,88,Employee_88,Female,Operations,Team Lead,73857,2024-01-04,,25,BBA,4.4,No,Pune
68,89,Employee_89,Male,HR,HR Coordinator,69371,2017-04-05,,23,BA,3.6,No,Mumbai
69,90,Employee_90,Female,Operations,Logistics Manager,71015,2019-12-11,,39,MBA,3.9,No,Delhi
70,91,Employee_91,Female,Finance,Auditor,56475,2023-07-26,2024-04-02,26,B.Com,3.6,Yes,Mumbai
71,92,Employee_92,Female,Finance,Auditor,46588,2016-10-24,2017-01-19,29,MBA,3.5,Yes,Delhi
72,93,Employee_93,Male,Finance,Accountant,43573,2019-12-12,,32,B.Com,4.3,No,Bangalore
73,94,Employee_94,Male,Operations,Logistics Manager,70762,2020-10-13,2026-02-21,37,MBA,3.4,Yes,Delhi
74,95,Employee_95,Female,IT,Software Engineer,66260,2020-08-20,2021-07-21,25,M.Tech,4.3,Yes,Mumbai
75,96,Employee_96,Female,IT,Data Analyst,47762,2019-11-23,2024-03-29,36,M.Tech,4.2,Yes,Pune
76,97,Employee_97,Female,HR,Recruiter,96371,2019-07-21,2020-09-29,36,MBA,4.1,Yes,Pune
77,98,Employee_98,Male,Sales,Sales Manager,83281,2025-03-29,2025-04-29,28,BBA,3.3,Yes,Mumbai
78,99,Employee_99,Female,HR,HR Coordinator,59087,2025-10-14,,30,MBA,4.4,No,Bangalore
79,100,Employee_100,Male,Finance,Financial Analyst,67861,2024-11-11,,40,B.Com,4.3,No,Mumbai
80,101,Employee_101,Male,IT,Data Analyst,91945,2022-09-14,,42,M.Tech,4.6,No,Hyderabad
81,102,Employee_102,Male,HR,Recruiter,85857,2021-08-21,2025-11-02,31,MBA,3.9,Yes,Hyderabad
82,103,Employee_103,Female,Operations,Logistics Manager,41695,2025-02-15,,30,BBA,5.0,No,Pune
83,104,Employee_104,Male,Sales,Sales Manager,74010,2018-11-05,,37,MBA,3.4,No,Hyderabad
84,105,Employee_105,Male,HR,Recruiter,66761,2022-05-31,,33,BA,4.7,No,Hyderabad
85,106,Employee_106,Female,Finance,Treasury Analyst,93317,2017-08-15,,40,B.Com,3.9,No,Delhi
86,107,Employee_107,Female,IT,Business Analyst,96682,2020-05-19,,23,M.Tech,4.7,No,Hyderabad
87,108,Employee_108,Male,Sales,Sales Associate,63709,2019-03-03,2025-05-29,38,MBA,4.5,Yes,Delhi
88,109,Employee_109,Male,Finance,Treasury Analyst,97727,2018-04-27,2021-11-19,38,B.Com,3.1,Yes,Mumbai
89,110,Employee_110,Male,Operations,Operations Analyst,46108,2023-08-19,2025-09-20,26,MBA,4.9,Yes,Hyderabad
90,111,Employee_111,Female,Operations,Logistics Manager,67229,2016-10-15,2019-01-03,38,MBA,3.5,Yes,Hyderabad
91,112,Employee_112,Male,IT,Data Engineer,90638,2017-04-17,,36,B.Sc,4.9,No,Bangalore
92,113,Employee_113,Female,Finance,Treasury Analyst,96705,2024-06-26,,37,MBA,3.7,No,Hyderabad
93,114,Employee_114,Female,Sales,Sales Associate,55650,2019-09-27,,35,BBA,4.7,No,Bangalore
94,115,Employee_115,Female,HR,HR Coordinator,65302,2018-09-16,2024-06-03,43,BA,4.0,Yes,Mumbai
95,116,Employee_116,Female,IT,Business Analyst,46534,2020-04-02,,37,B.Tech,4.4,No,Mumbai
96,117,Employee_117,Male,HR,Recruiter,62187,2019-03-01,,45,MBA,4.3,No,Pune
97,118,Employee_118,Female,Finance,Treasury Analyst,97172,2020-01-31,,24,B.Com,3.5,No,Mumbai
98,119,Employee_119,Male,HR,HR Manager,89831,2019-01-17,,45,BA,3.9,No,Bangalore
99,120,Employee_120,Male,Finance,Accountant,59226,2022-02-17,,34,MBA,3.3,No,Pune
100,121,Employee_121,Male,Sales,Sales Executive,45175,2019-04-26,2024-07-26,35,BBA,4.0,Yes,Mumbai
101,122,Employee_122,Female,HR,Recruiter,83702,2026-01-17,2026-02-23,37,MBA,4.4,Yes,Bangalore
102,123,Employee_123,Female,Operations,Logistics Manager,81873,2021-05-24,,45,MBA,3.9,No,Mumbai
103,124,Employee_124,Female,HR,HR Manager,55545,2021-11-15,,41,MBA,4.1,No,Bangalore
104,125,Employee_125,Female,Finance,Accountant,77088,2016-06-13,,44,B.Com,4.8,No,Delhi
105,126,Employee_126,Male,Operations,Logistics Manager,54352,2019-01-05,2026-02-17,29,MBA,4.4,Yes,Bangalore
106,127,Employee_127,Male,Finance,Treasury Analyst,42186,2019-08-27,,34,B.Com,3.2,No,Delhi
107,128,Employee_128,Female,Sales,Sales Executive,48661,2017-05-01,,40,MBA,4.1,No,Mumbai
108,129,Employee_129,Female,HR,Recruiter,88926,2016-05-22,2024-12-05,33,BA,3.9,Yes,Mumbai
109,130,Employee_130,Male,HR,Recruiter,45918,2017-04-14,2021-07-01,35,BA,3.5,Yes,Hyderabad
110,131,Employee_131,Female,Operations,Operations Analyst,93897,2018-12-28,,34,BBA,4.3,No,Bangalore
111,132,Employee_132,Female,Operations,Supervisor,82444,2025-06-11,,43,MBA,4.8,No,Hyderabad
112,133,Employee_133,Male,Sales,Sales Executive,42438,2022-09-27,2025-05-13,38,BBA,3.2,Yes,Hyderabad
113,134,Employee_134,Female,Operations,Operations Analyst,78491,2017-10-29,,27,MBA,4.3,No,Pune
114,135,Employee_135,Female,Finance,Accountant,85238,2021-12-30,2022-08-20,29,MBA,3.9,Yes,Delhi
115,136,Employee_136,Female,Operations,Logistics Manager,43968,2021-09-08,,31,BBA,4.9,No,Bangalore
116,137,Employee_137,Male,Operations,Team Lead,43314,2017-04-30,2025-12-28,33,BBA,5.0,Yes,Bangalore
117,138,Employee_138,Male,Operations,Supervisor,93284,2016-05-25,2026-02-08,30,MBA,4.5,Yes,Delhi
118,139,Employee_139,Male,Sales,Sales Associate,56426,2017-03-13,2017-06-11,28,BBA,4.3,Yes,Mumbai
119,140,Employee_140,Female,Sales,Sales Associate,61218,2025-12-22,,28,MBA,3.1,No,Pune
120,141,Employee_141,Male,IT,Business Analyst,69378,2017-06-05,,34,M.Tech,4.2,No,Pune
121,142,Employee_142,Male,Operations,Team Lead,87660,2017-05-14,2022-10-26,44,MBA,3.9,Yes,Bangalore
122,143,Employee_143,Female,HR,HR Manager,72130,2018-03-01,,37,BA,4.8,No,Pune
123,144,Employee_144,Male,IT,Data Analyst,58023,2019-02-24,,43,M.Tech,4.1,No,Hyderabad
124,145,Employee_145,Female,HR,HR Coordinator,46499,2017-04-04,2022-05-27,45,BA,4.7,Yes,Hyderabad
125,146,Employee_146,Male,HR,Recruiter,94225,2021-01-24,,35,MBA,4.5,No,Hyderabad
126,147,Employee_147,Female,Finance,Auditor,50003,2018-06-13,2023-05-16,38,B.Com,3.2,Yes,Bangalore
127,148,Employee_148,Male,Finance,Financial Analyst,76462,2025-06-24,,41,MBA,4.3,No,Delhi
128,149,Employee_149,Female,IT,Data Engineer,79348,2022-08-25,2025-06-07,34,B.Tech,4.2,Yes,Mumbai
129,150,Employee_150,Male,IT,Data Engineer,95402,2019-11-30,2020-04-15,34,B.Tech,4.5,Yes,Hyderabad
130,151,Employee_151,Female,IT,Data Analyst,57909,2018-04-09,2024-09-13,32,B.Sc,3.7,Yes,Mumbai
131,152,Employee_152,Female,IT,Data Analyst,88560,2019-01-19,2023-11-03,23,B.Tech,4.5,Yes,Hyderabad
132,153,Employee_153,Female,Finance,Financial Analyst,64251,2022-08-28,2023-01-06,33,B.Com,4.8,Yes,Mumbai
133,154,Employee_154,Male,Finance,Treasury Analyst,83380,2021-05-25,2022-02-12,38,MBA,3.8,Yes,Pune
134,155,Employee_155,Female,HR,HR Manager,58562,2018-07-19,,44,MBA,4.1,No,Bangalore
135,156,Employee_156,Male,HR,HR Manager,40503,2023-11-10,,32,BA,4.5,No,Delhi
136,157,Employee_157,Female,IT,Software Engineer,72596,2017-10-10,2024-02-14,36,B.Tech,3.3,Yes,Pune
137,158,Employee_158,Female,IT,Business Analyst,96476,2017-10-30,2024-05-14,24,B.Sc,3.0,Yes,Delhi
138,159,Employee_159,Female,Operations,Operations Analyst,86497,2018-12-21,2020-12-23,36,MBA,3.2,Yes,Delhi
139,160,Employee_160,Female,Finance,Accountant,68620,2016-09-05,,26,B.Com,3.9,No,Pune
140,161,Employee_161,Male,HR,Recruiter,88877,2022-05-06,2025-12-22,30,MBA,4.6,Yes,Pune
141,162,Employee_162,Male,Operations,Supervisor,99370,2017-06-12,2018-09-06,34,MBA,4.5,Yes,Mumbai
142,163,Employee_163,Male,Finance,Financial Analyst,51370,2019-05-25,,27,B.Com,3.4,No,Hyderabad
143,164,Employee_164,Female,Operations,Logistics Manager,96639,2019-02-12,,33,BBA,3.9,No,Hyderabad
144,165,Employee_165,Female,Finance,Accountant,63064,2020-06-17,2024-09-04,25,MBA,3.9,Yes,Bangalore
145,166,Employee_166,Female,IT,Software Engineer,80305,2019-06-28,2025-12-24,39,B.Sc,3.9,Yes,Hyderabad
146,167,Employee_167,Male,Finance,Treasury Analyst,72857,2024-06-17,,24,MBA,3.2,No,Bangalore
147,168,Employee_168,Male,IT,Data Analyst,86374,2021-03-29,2023-05-31,37,M.Tech,4.0,Yes,Delhi
148,169,Employee_169,Female,HR,HR Coordinator,90755,2022-05-11,,44,BA,4.6,No,Bangalore
149,170,Employee_170,Female,IT,Software Developer,84458,2021-10-25,2022-05-09,32,B.Sc,4.4,Yes,Delhi
150,171,Employee_171,Male,Finance,Auditor,82995,2018-04-27,2024-09-01,44,MBA,3.3,Yes,Delhi
151,172,Employee_172,Female,Finance,Financial Analyst,83916,2018-04-09,,44,B.Com,4.3,No,Pune
152,173,Employee_173,Female,IT,Data Engineer,60241,2024-02-17,,29,B.Sc,4.9,No,Mumbai
153,174,Employee_174,Male,Sales,Sales Executive,45057,2022-11-01,2025-01-10,26,BBA,4.3,Yes,Pune
154,175,Employee_175,Male,Sales,Sales Executive,94483,2018-05-20,2022-07-20,42,BBA,4.4,Yes,Hyderabad
155,176,Employee_176,Male,HR,Recruiter,89308,2017-10-03,,37,BA,4.1,No,Hyderabad
156,177,Employee_177,Male,Finance,Treasury Analyst,70256,2017-07-10,,32,MBA,4.0,No,Mumbai
157,178,Employee_178,Male,Operations,Supervisor,97213,2023-05-07,2025-10-24,24,MBA,4.7,Yes,Pune
158,179,Employee_179,Male,Finance,Accountant,90011,2024-05-09,2024-09-09,31,MBA,4.8,Yes,Hyderabad
159,180,Employee_180,Male,HR,Recruiter,41747,2021-07-01,2022-01-14,24,MBA,4.0,Yes,Hyderabad
160,181,Employee_181,Female,Sales,Sales Executive,60885,2025-01-15,2025-07-10,45,MBA,4.6,Yes,Bangalore
161,182,Employee_182,Female,Sales,Sales Associate,70743,2021-02-13,2022-05-30,42,BBA,4.8,Yes,Delhi
162,183,Employee_183,Male,Operations,Operations Analyst,47286,2017-06-12,2022-03-27,32,BBA,3.6,Yes,Mumbai
163,184,Employee_184,Female,IT,Software Engineer,94833,2020-07-18,2022-04-05,42,M.Tech,3.0,Yes,Mumbai
164,185,Employee_185,Female,IT,Software Developer,63122,2023-06-15,2024-07-18,41,B.Sc,3.4,Yes,Pune
165,186,Employee_186,Male,Operations,Team Lead,65588,2016-05-10,,38,BBA,4.3,No,Delhi
166,187,Employee_187,Male,Finance,Accountant,62596,2023-06-13,,44,B.Com,4.5,No,Mumbai
167,188,Employee_188,Male,Finance,Auditor,93314,2018-12-11,,28,MBA,5.0,No,Mumbai
168,189,Employee_189,Male,IT,Business Analyst,42423,2022-11-11,2024-09-06,29,B.Tech,4.6,Yes,Delhi
169,190,Employee_190,Female,Operations,Operations Analyst,56601,2025-09-28,2025-12-01,43,BBA,3.6,Yes,Delhi
170,191,Employee_191,Male,Finance,Treasury Analyst,98293,2021-08-31,2025-08-17,37,MBA,3.7,Yes,Hyderabad
171,192,Employee_192,Female,Finance,Auditor,92504,2025-03-23,2025-09-19,36,B.Com,3.9,Yes,Pune
172,193,Employee_193,Female,IT,Software Engineer,61490,2018-09-27,,32,B.Sc,3.9,No,Mumbai
173,194,Employee_194,Female,Finance,Treasury Analyst,42775,2017-12-31,2025-08-10,34,MBA,3.5,Yes,Bangalore
174,195,Employee_195,Female,Finance,Financial Analyst,42040,2024-07-20,2025-08-29,42,MBA,3.1,Yes,Mumbai
175,196,Employee_196,Female,HR,HR Manager,79655,2024-06-06,,44,MBA,4.9,No,Hyderabad
176,197,Employee_197,Male,Operations,Supervisor,74698,2022-01-13,2022-04-06,35,MBA,4.3,Yes,Bangalore
177,198,Employee_198,Male,HR,HR Coordinator,99869,2019-11-08,,26,MBA,4.5,No,Mumbai
178,199,Employee_199,Female,HR,HR Executive,48037,2024-08-18,,25,MBA,3.3,No,Bangalore
179,200,Employee_200,Female,Finance,Accountant,76044,2020-01-27,2025-11-09,32,MBA,4.7,Yes,Delhi
180,201,Employee_201,Male,IT,Data Analyst,91908,2024-08-05,,30,B.Sc,3.1,No,Hyderabad
181,202,Employee_202,Male,Operations,Team Lead,44308,2022-09-07,,35,MBA,4.1,No,Pune
182,203,Employee_203,Male,Sales,Sales Manager,82096,2025-04-27,,37,MBA,4.4,No,Mumbai
183,204,Employee_204,Male,Sales,Sales Manager,72955,2016-05-31,,24,BBA,4.0,No,Mumbai
184,205,Employee_205,Male,Finance,Financial Analyst,62676,2020-05-01,,32,B.Com,3.5,No,Mumbai
185,206,Employee_206,Female,Operations,Team Lead,72936,2018-12-18,,28,BBA,3.3,No,Pune
186,207,Employee_207,Male,IT,Software Engineer,42979,2018-12-16,,41,B.Sc,4.3,No,Pune
187,208,Employee_208,Male,HR,Recruiter,82068,2022-10-06,,38,BA,4.6,No,Delhi
188,209,Employee_209,Female,IT,Software Engineer,50359,2021-03-22,,36,B.Sc,3.9,No,Pune
189,210,Employee_210,Male,Finance,Auditor,88116,2016-07-01,,34,MBA,3.3,No,Pune
190,211,Employee_211,Male,Finance,Financial Analyst,70570,2024-10-11,2025-04-07,31,MBA,3.5,Yes,Bangalore
191,212,Employee_212,Female,Operations,Operations Analyst,56270,2016-06-12,,28,MBA,4.9,No,Mumbai
192,213,Employee_213,Male,HR,HR Coordinator,72686,2016-04-17,,32,MBA,3.0,No,Pune
193,214,Employee_214,Female,Sales,Sales Executive,78230,2022-03-12,,24,BBA,3.6,No,Delhi
194,215,Employee_215,Male,IT,Business Analyst,48777,2016-04-03,,31,M.Tech,3.7,No,Delhi
195,216,Employee_216,Male,HR,HR Manager,77373,2019-11-07,2025-08-02,29,MBA,4.1,Yes,Hyderabad
196,217,Employee_217,Female,Operations,Logistics Manager,94087,2019-03-01,2023-06-06,44,BBA,3.3,Yes,Hyderabad
197,218,Employee_218,Female,Operations,Logistics Manager,89477,2024-07-14,2024-12-31,29,MBA,4.0,Yes,Bangalore
198,219,Employee_219,Female,HR,HR Coordinator,49760,2019-05-09,,39,BA,3.7,No,Mumbai
199,220,Employee_220,Female,Operations,Logistics Manager,78910,2022-05-19,,39,MBA,4.4,No,Hyderabad
200,221,Employee_221,Male,Finance,Auditor,84158,2024-12-03,2025-09-01,36,MBA,4.6,Yes,Pune
201,222,Employee_222,Female,Operations,Supervisor,87277,2025-07-29,,41,MBA,3.3,No,Mumbai
202,223,Employee_223,Male,IT,Software Developer,85909,2024-12-01,,29,B.Tech,3.9,No,Mumbai
203,224,Employee_224,Female,Sales,Sales Manager,72887,2017-06-17,2023-05-11,42,MBA,4.7,Yes,Mumbai
204,225,Employee_225,Male,Operations,Logistics Manager,83399,2020-10-14,2025-12-25,39,MBA,3.6,Yes,Hyderabad
205,226,Employee_226,Female,Operations,Logistics Manager,84293,2017-06-29,2020-09-13,44,MBA,4.2,Yes,Mumbai
206,227,Employee_227,Female,Sales,Sales Manager,90539,2022-11-29,,45,BBA,4.4,No,Delhi
207,228,Employee_228,Female,Finance,Auditor,58860,2024-10-13,,41,MBA,4.8,No,Delhi
208,229,Employee_229,Male,Finance,Accountant,58850,2018-02-21,,25,MBA,4.8,No,Hyderabad
209,230,Employee_230,Male,Sales,Sales Associate,57768,2019-11-06,2020-06-30,45,MBA,3.3,Yes,Mumbai
210,231,Employee_231,Male,Sales,Sales Executive,46566,2021-07-08,2024-09-07,33,MBA,3.2,Yes,Bangalore
211,232,Employee_232,Male,HR,HR Coordinator,71290,2018-11-09,2025-05-17,29,MBA,3.6,Yes,Bangalore
212,233,Employee_233,Male,Operations,Team Lead,99849,2024-03-09,2025-08-28,36,BBA,4.9,Yes,Hyderabad
213,234,Employee_234,Male,Finance,Accountant,40607,2022-10-21,,41,B.Com,4.9,No,Delhi
214,235,Employee_235,Female,Operations,Operations Analyst,98278,2024-08-24,2025-03-08,39,MBA,3.5,Yes,Delhi
215,236,Employee_236,Female,Finance,Financial Analyst,40923,2017-11-21,2024-10-27,33,MBA,4.1,Yes,Mumbai
216,237,Employee_237,Female,HR,Recruiter,45684,2021-08-28,2023-07-21,44,BA,3.4,Yes,Hyderabad
217,238,Employee_238,Male,IT,Data Engineer,65137,2023-07-06,,37,B.Sc,4.9,No,Pune
218,239,Employee_239,Male,Finance,Auditor,85401,2023-07-03,2025-07-04,24,B.Com,3.9,Yes,Hyderabad
219,240,Employee_240,Female,IT,Data Engineer,64087,2019-04-05,,30,B.Tech,4.9,No,Mumbai
220,241,Employee_241,Female,Operations,Logistics Manager,67252,2018-04-12,2025-12-27,40,MBA,4.5,Yes,Mumbai
221,242,Employee_242,Male,Operations,Operations Analyst,74614,2018-04-05,2024-06-25,34,BBA,4.8,Yes,Bangalore
222,243,Employee_243,Male,Operations,Supervisor,50783,2022-06-22,2025-04-18,39,MBA,3.2,Yes,Pune
223,244,Employee_244,Male,Operations,Operations Analyst,92998,2025-07-12,,37,BBA,4.0,No,Pune
224,245,Employee_245,Male,Operations,Operations Analyst,84090,2017-02-06,2023-09-01,32,BBA,3.8,Yes,Mumbai
225,246,Employee_246,Male,IT,Business Analyst,62579,2018-04-19,2018-09-25,25,M.Tech,5.0,Yes,Hyderabad
226,247,Employee_247,Female,HR,HR Executive,90395,2024-08-19,,43,MBA,3.7,No,Hyderabad
227,248,Employee_248,Female,HR,HR Manager,84743,2018-09-24,,40,BA,4.3,No,Bangalore
228,249,Employee_249,Male,Operations,Operations Analyst,74658,2024-09-21,,30,BBA,4.5,No,Hyderabad
229,250,Employee_250,Female,Operations,Operations Analyst,93959,2023-07-30,,30,MBA,3.7,No,Mumbai
230,251,Employee_251,Male,IT,Business Analyst,80299,2017-07-24,2018-01-07,23,B.Tech,3.4,Yes,Pune
231,252,Employee_252,Female,Operations,Team Lead,56038,2017-11-05,2019-07-01,24,MBA,3.9,Yes,Bangalore
232,253,Employee_253,Female,Sales,Sales Associate,77755,2022-07-29,2023-11-23,41,MBA,3.5,Yes,Pune
233,254,Employee_254,Female,Finance,Auditor,43994,2019-11-28,,41,B.Com,4.3,No,Pune
234,255,Employee_255,Female,IT,Data Engineer,82160,2018-08-16,,35,M.Tech,3.6,No,Hyderabad
235,256,Employee_256,Male,Finance,Treasury Analyst,52050,2017-09-09,2025-09-15,40,MBA,3.5,Yes,Delhi
236,257,Employee_257,Male,HR,HR Manager,76856,2021-07-10,,36,BA,3.8,No,Mumbai
237,258,Employee_258,Female,IT,Business Analyst,95517,2021-12-28,2023-07-30,25,M.Tech,4.4,Yes,Bangalore
238,259,Employee_259,Female,Operations,Team Lead,97253,2025-05-02,,29,BBA,4.0,No,Delhi
239,260,Employee_260,Male,Sales,Sales Executive,88593,2024-11-01,2025-04-02,38,BBA,4.4,Yes,Hyderabad
240,261,Employee_261,Female,Finance,Treasury Analyst,70556,2020-03-02,,43,MBA,3.6,No,Pune
241,262,Employee_262,Female,HR,HR Manager,92613,2018-01-18,,38,MBA,4.8,No,Delhi
242,263,Employee_263,Female,IT,Software Developer,96628,2023-09-02,,27,B.Tech,3.5,No,Delhi
243,264,Employee_264,Male,Sales,Sales Manager,55074,2021-11-22,,41,BBA,4.0,No,Delhi
244,265,Employee_265,Female,HR,HR Coordinator,51025,2017-12-07,,34,BA,3.3,No,Mumbai
245,266,Employee_266,Male,Operations,Team Lead,94989,2016-08-27,,25,BBA,4.5,No,Mumbai
246,267,Employee_267,Male,IT,Data Analyst,40599,2023-09-13,,39,B.Sc,3.7,No,Hyderabad
247,268,Employee_268,Male,IT,Software Developer,76152,2021-07-16,,23,B.Tech,4.1,No,Pune
248,269,Employee_269,Female,IT,Software Developer,93291,2018-04-29,2019-06-27,44,B.Sc,4.6,Yes,Bangalore
249,270,Employee_270,Male,Sales,Sales Executive,80617,2020-03-31,,31,MBA,3.5,No,Bangalore
250,271,Employee_271,Female,HR,HR Coordinator,77027,2023-06-04,2023-10-07,45,BA,3.6,Yes,Bangalore
251,272,Employee_272,Female,HR,HR Coordinator,76221,2020-10-24,2025-08-20,24,BA,4.4,Yes,Hyderabad
252,273,Employee_273,Female,Finance,Accountant,98641,2020-03-24,,24,B.Com,3.4,No,Delhi
253,274,Employee_274,Male,IT,Data Engineer,98937,2020-01-23,,41,M.Tech,3.1,No,Bangalore
254,275,Employee_275,Male,Operations,Supervisor,89299,2016-12-12,,45,MBA,4.9,No,Mumbai
255,276,Employee_276,Male,Operations,Operations Analyst,84370,2020-02-02,2025-10-14,33,MBA,4.5,Yes,Bangalore
256,277,Employee_277,Female,IT,Software Engineer,68645,2023-07-20,,25,B.Sc,4.2,No,Delhi
257,278,Employee_278,Male,Finance,Treasury Analyst,72152,2023-08-05,,34,MBA,3.9,No,Bangalore
258,279,Employee_279,Female,Sales,Sales Associate,44817,2025-03-25,2025-10-03,31,BBA,3.8,Yes,Hyderabad
259,280,Employee_280,Female,IT,Software Engineer,40340,2022-09-11,2023-04-07,37,B.Sc,4.5,Yes,Mumbai
260,281,Employee_281,Male,HR,HR Coordinator,76502,2019-12-06,2021-01-20,39,MBA,3.2,Yes,Delhi
261,282,Employee_282,Female,HR,HR Manager,59126,2021-07-06,2024-07-07,35,BA,4.4,Yes,Pune
262,283,Employee_283,Male,HR,HR Executive,49099,2023-02-19,2025-08-27,32,MBA,4.0,Yes,Mumbai
263,284,Employee_284,Female,HR,Recruiter,71734,2017-05-17,2024-02-12,25,MBA,3.5,Yes,Hyderabad
264,285,Employee_285,Male,HR,HR Manager,48879,2022-09-26,,23,MBA,3.7,No,Delhi
265,286,Employee_286,Female,Finance,Treasury Analyst,93443,2016-11-30,2020-07-08,43,B.Com,3.6,Yes,Hyderabad
266,287,Employee_287,Male,HR,Recruiter,59100,2017-11-28,2022-03-17,45,MBA,4.9,Yes,Delhi
267,288,Employee_288,Female,HR,Recruiter,47463,2019-10-30,2022-04-05,29,BA,4.4,Yes,Hyderabad
268,289,Employee_289,Female,Finance,Accountant,93671,2016-08-23,,36,MBA,3.3,No,Mumbai
269,290,Employee_290,Female,Sales,Sales Associate,67730,2017-04-20,,35,BBA,3.9,No,Pune
270,291,Employee_291,Female,Operations,Operations Analyst,75628,2025-09-27,2025-11-17,34,BBA,3.2,Yes,Delhi
271,292,Employee_292,Male,Operations,Operations Analyst,89327,2022-06-07,,36,BBA,3.0,No,Mumbai
272,293,Employee_293,Male,HR,Recruiter,65633,2020-12-16,2021-08-17,44,BA,3.7,Yes,Hyderabad
273,294,Employee_294,Female,HR,HR Manager,47606,2016-10-29,,27,MBA,3.6,No,Mumbai
274,295,Employee_295,Female,Finance,Treasury Analyst,46397,2021-03-28,,45,MBA,3.6,No,Bangalore
275,296,Employee_296,Male,IT,Data Engineer,82465,2024-12-04,2025-04-02,44,B.Tech,4.9,Yes,Pune
276,297,Employee_297,Male,Finance,Treasury Analyst,70281,2023-07-21,,35,B.Com,3.4,No,Hyderabad
277,298,Employee_298,Male,Operations,Supervisor,69463,2019-07-06,2022-09-18,36,MBA,3.0,Yes,Mumbai
278,299,Employee_299,Male,Operations,Team Lead,92396,2016-05-16,2017-09-24,40,BBA,3.7,Yes,Hyderabad
279,300,Employee_300,Female,HR,Recruiter,79123,2021-10-17,,42,MBA,4.2,No,Delhi
280,301,Employee_301,Female,Operations,Supervisor,93329,2018-08-06,2022-03-10,45,MBA,4.8,Yes,Mumbai
281,302,Employee_302,Male,Sales,Sales Manager,47664,2024-02-06,,34,BBA,4.0,No,Pune
282,303,Employee_303,Male,Operations,Operations Analyst,67724,2024-01-26,,38,BBA,4.1,No,Delhi
283,304,Employee_304,Male,Sales,Sales Manager,95180,2021-02-03,2021-12-09,42,BBA,4.7,Yes,Hyderabad
284,305,Employee_305,Male,HR,HR Coordinator,66813,2018-06-22,,38,MBA,4.4,No,Hyderabad
285,306,Employee_306,Male,IT,Software Developer,42022,2017-03-24,2020-07-18,30,B.Sc,3.1,Yes,Pune
286,307,Employee_307,Male,HR,HR Coordinator,76026,2020-06-03,,26,BA,3.5,No,Pune
287,308,Employee_308,Male,HR,HR Executive,67862,2025-01-01,2025-06-14,43,BA,3.6,Yes,Hyderabad
288,309,Employee_309,Female,IT,Business Analyst,96707,2024-11-01,,30,B.Tech,4.6,No,Pune
289,310,Employee_310,Female,Sales,Sales Associate,49124,2017-05-08,,29,BBA,4.6,No,Pune
290,311,Employee_311,Female,Operations,Supervisor,61210,2018-04-04,2022-12-14,32,MBA,4.1,Yes,Mumbai
291,312,Employee_312,Male,Finance,Financial Analyst,85968,2016-06-09,,27,B.Com,3.3,No,Mumbai
292,313,Employee_313,Female,HR,HR Executive,77842,2019-01-22,2023-08-29,31,MBA,3.8,Yes,Bangalore
293,314,Employee_314,Female,Finance,Treasury Analyst,71984,2022-06-25,2026-02-14,41,B.Com,4.7,Yes,Hyderabad
294,315,Employee_315,Female,IT,Software Developer,66064,2023-09-16,,36,B.Tech,4.0,No,Delhi
295,316,Employee_316,Female,Operations,Supervisor,77102,2016-08-04,2017-10-15,38,MBA,4.8,Yes,Bangalore
296,317,Employee_317,Female,IT,Software Engineer,96207,2024-05-18,,37,B.Sc,3.0,No,Mumbai
297,318,Employee_318,Male,Finance,Financial Analyst,97306,2016-04-27,,31,B.Com,4.3,No,Bangalore
298,319,Employee_319,Female,Sales,Sales Executive,65974,2019-02-19,2019-03-25,32,BBA,3.9,Yes,Bangalore
299,320,Employee_320,Male,HR,HR Manager,48696,2019-06-30,,30,MBA,3.0,No,Bangalore
300,321,Employee_321,Female,Sales,Sales Manager,44641,2023-08-02,2024-07-17,35,BBA,4.5,Yes,Bangalore
301,322,Employee_322,Female,Finance,Financial Analyst,65082,2017-06-23,2024-11-05,27,B.Com,3.1,Yes,Pune
302,323,Employee_323,Male,HR,Recruiter,87345,2023-10-06,,43,BA,4.8,No,Mumbai
303,324,Employee_324,Male,IT,Data Analyst,89312,2024-10-08,,41,M.Tech,3.8,No,Delhi
304,325,Employee_325,Male,Sales,Sales Manager,82245,2025-03-16,2025-07-29,30,MBA,4.6,Yes,Delhi
305,326,Employee_326,Male,HR,Recruiter,82347,2025-07-16,2026-01-25,30,MBA,3.8,Yes,Hyderabad
306,327,Employee_327,Male,Operations,Team Lead,63664,2022-08-08,,27,MBA,4.7,No,Delhi
307,328,Employee_328,Male,HR,HR Manager,41093,2019-07-26,2024-02-10,25,BA,3.5,Yes,Bangalore
308,329,Employee_329,Female,Operations,Operations Analyst,67759,2018-04-13,2019-04-20,35,BBA,4.3,Yes,Delhi
309,330,Employee_330,Female,IT,Software Developer,53316,2017-02-02,2025-01-02,27,M.Tech,3.7,Yes,Delhi
310,331,Employee_331,Female,Sales,Sales Executive,56022,2025-03-08,2025-07-05,36,BBA,3.9,Yes,Delhi
311,332,Employee_332,Male,IT,Data Analyst,85973,2026-01-09,,28,B.Sc,4.9,No,Mumbai
312,333,Employee_333,Female,Sales,Sales Associate,91191,2016-05-10,2025-06-27,31,BBA,4.5,Yes,Delhi
313,334,Employee_334,Female,Finance,Accountant,57232,2018-03-01,,41,B.Com,4.0,No,Bangalore
314,335,Employee_335,Female,Operations,Supervisor,64096,2024-05-21,2025-11-23,31,BBA,4.8,Yes,Mumbai
315,336,Employee_336,Male,IT,Software Engineer,56026,2025-08-20,2025-09-28,38,B.Sc,3.8,Yes,Mumbai
316,337,Employee_337,Female,Sales,Sales Manager,56270,2021-06-26,,33,MBA,4.7,No,Bangalore
317,338,Employee_338,Male,Sales,Sales Executive,92713,2020-05-14,,24,MBA,3.1,No,Delhi
318,339,Employee_339,Female,Finance,Accountant,76247,2021-01-11,,23,MBA,3.4,No,Pune
319,340,Employee_340,Male,HR,Recruiter,78777,2020-08-14,,29,BA,3.3,No,Bangalore
320,341,Employee_341,Male,Operations,Logistics Manager,81677,2016-09-26,2025-02-04,45,BBA,4.9,Yes,Hyderabad
321,342,Employee_342,Female,IT,Data Analyst,74721,2023-06-25,2023-10-28,36,B.Sc,4.9,Yes,Delhi
322,343,Employee_343,Male,Sales,Sales Associate,67070,2018-04-17,2019-06-12,34,MBA,4.9,Yes,Pune
323,344,Employee_344,Male,HR,HR Manager,78790,2019-10-14,2023-02-19,24,MBA,4.3,Yes,Mumbai
324,345,Employee_345,Female,Finance,Treasury Analyst,85922,2016-10-27,2019-03-06,33,MBA,3.9,Yes,Bangalore
325,346,Employee_346,Male,Operations,Team Lead,50184,2024-12-19,,28,MBA,3.9,No,Bangalore
326,347,Employee_347,Female,Sales,Sales Manager,60205,2020-12-15,,31,BBA,3.2,No,Pune
327,348,Employee_348,Male,Sales,Sales Manager,49720,2025-02-16,,45,BBA,4.9,No,Pune
328,349,Employee_349,Male,Finance,Auditor,93745,2024-03-14,2025-07-30,23,MBA,4.7,Yes,Bangalore
329,350,Employee_350,Male,Sales,Sales Executive,40783,2025-06-17,,30,BBA,3.4,No,Delhi
330,351,Employee_351,Male,Operations,Logistics Manager,93264,2025-04-23,,23,BBA,3.4,No,Mumbai
331,352,Employee_352,Male,Finance,Accountant,42798,2020-12-24,,24,B.Com,4.8,No,Hyderabad
332,353,Employee_353,Female,IT,Business Analyst,84775,2021-05-14,2023-01-07,28,B.Sc,3.4,Yes,Delhi
333,354,Employee_354,Female,Sales,Sales Executive,80246,2019-03-17,,42,BBA,4.3,No,Hyderabad
334,355,Employee_355,Female,IT,Software Engineer,58335,2021-11-09,2022-01-17,27,B.Sc,3.4,Yes,Pune
335,356,Employee_356,Female,Finance,Treasury Analyst,75685,2017-05-22,,38,MBA,4.8,No,Hyderabad
336,357,Employee_357,Female,Sales,Sales Executive,60897,2019-06-16,,30,BBA,4.8,No,Bangalore
337,358,Employee_358,Female,Operations,Logistics Manager,90255,2019-08-08,2025-08-31,30,BBA,3.2,Yes,Delhi
338,359,Employee_359,Male,Sales,Sales Associate,95476,2017-03-17,2019-12-10,35,MBA,4.9,Yes,Mumbai
339,360,Employee_360,Female,Finance,Accountant,86101,2018-04-18,2024-06-15,34,B.Com,4.1,Yes,Hyderabad
340,361,Employee_361,Female,Sales,Sales Manager,42487,2025-02-20,2025-11-21,24,BBA,4.2,Yes,Pune
341,362,Employee_362,Male,Finance,Financial Analyst,92851,2024-09-08,,33,B.Com,4.8,No,Bangalore
342,363,Employee_363,Male,Sales,Sales Associate,86182,2024-07-24,,26,MBA,4.9,No,Hyderabad
343,364,Employee_364,Male,Finance,Auditor,61142,2024-08-15,,28,MBA,4.6,No,Delhi
344,365,Employee_365,Male,Operations,Logistics Manager,54630,2018-09-08,,41,BBA,3.8,No,Mumbai
345,366,Employee_366,Male,IT,Software Developer,65663,2016-08-11,,41,B.Tech,3.4,No,Pune
346,367,Employee_367,Male,Operations,Team Lead,72517,2024-07-28,,33,BBA,3.5,No,Mumbai
347,368,Employee_368,Male,Finance,Treasury Analyst,40746,2023-03-06,,29,B.Com,4.4,No,Delhi
348,369,Employee_369,Male,IT,Software Engineer,65292,2021-03-28,,36,B.Tech,4.8,No,Hyderabad
349,370,Employee_370,Female,Operations,Operations Analyst,46647,2016-11-09,2020-03-30,38,BBA,3.3,Yes,Bangalore
350,371,Employee_371,Male,Finance,Auditor,46863,2025-04-27,2025-07-13,33,B.Com,4.8,Yes,Bangalore
351,372,Employee_372,Female,Operations,Operations Analyst,86170,2025-10-21,,36,BBA,4.2,No,Mumbai
352,373,Employee_373,Male,IT,Data Engineer,53470,2024-01-08,,36,M.Tech,4.1,No,Delhi
353,374,Employee_374,Female,Sales,Sales Executive,43252,2021-09-29,,41,MBA,3.3,No,Bangalore
354,375,Employee_375,Female,IT,Data Engineer,93994,2018-09-23,2021-02-16,43,M.Tech,4.0,Yes,Bangalore
355,376,Employee_376,Male,Finance,Accountant,71035,2016-09-08,,26,MBA,4.6,No,Hyderabad
356,377,Employee_377,Female,IT,Software Developer,65396,2024-01-29,,34,B.Sc,3.7,No,Bangalore
357,378,Employee_378,Female,HR,HR Coordinator,57262,2023-08-13,2025-07-27,31,BA,3.3,Yes,Bangalore
358,379,Employee_379,Female,Operations,Operations Analyst,89575,2019-07-16,,30,BBA,4.7,No,Pune
359,380,Employee_380,Female,Operations,Supervisor,71212,2022-10-19,2026-01-30,25,MBA,4.8,Yes,Pune
360,381,Employee_381,Male,IT,Business Analyst,51329,2024-04-11,,29,B.Tech,3.3,No,Bangalore
361,382,Employee_382,Female,Sales,Sales Associate,49691,2016-10-18,2021-03-25,42,MBA,3.6,Yes,Bangalore
362,383,Employee_383,Female,Operations,Logistics Manager,96139,2023-01-20,2026-01-24,39,MBA,4.8,Yes,Pune
363,384,Employee_384,Female,IT,Business Analyst,49806,2024-06-27,2026-02-23,41,M.Tech,4.2,Yes,Bangalore
364,385,Employee_385,Male,Finance,Auditor,97533,2021-07-17,,31,MBA,4.3,No,Bangalore
365,386,Employee_386,Male,Finance,Treasury Analyst,49427,2019-03-21,,42,MBA,3.1,No,Mumbai
366,387,Employee_387,Male,HR,Recruiter,98787,2021-12-22,,23,MBA,4.6,No,Delhi
367,388,Employee_388,Female,HR,HR Manager,96944,2023-08-06,,27,MBA,4.9,No,Delhi
368,389,Employee_389,Female,HR,HR Manager,52316,2021-03-13,,29,MBA,4.5,No,Bangalore
369,390,Employee_390,Male,IT,Data Engineer,86502,2020-06-20,2021-08-18,35,B.Tech,4.6,Yes,Mumbai
370,391,Employee_391,Male,IT,Data Analyst,42167,2021-01-12,,24,B.Sc,4.4,No,Delhi
371,392,Employee_392,Female,Operations,Operations Analyst,81642,2024-10-05,,44,BBA,3.5,No,Pune
372,393,Employee_393,Female,Sales,Sales Manager,78461,2019-12-20,,34,MBA,3.3,No,Bangalore
373,394,Employee_394,Female,IT,Business Analyst,43253,2024-04-28,2025-02-27,41,B.Tech,4.7,Yes,Mumbai
374,395,Employee_395,Female,Operations,Team Lead,96664,2017-05-26,2024-03-22,44,BBA,3.9,Yes,Mumbai
375,396,Employee_396,Male,Sales,Sales Manager,79868,2017-02-14,,32,MBA,3.8,No,Delhi
376,397,Employee_397,Female,Finance,Financial Analyst,70585,2022-10-06,2024-12-10,44,MBA,4.2,Yes,Pune
377,398,Employee_398,Female,Finance,Accountant,71571,2025-06-08,,33,MBA,4.3,No,Delhi
378,399,Employee_399,Female,Sales,Sales Executive,73901,2017-07-26,,30,BBA,4.6,No,Delhi
379,400,Employee_400,Male,IT,Business Analyst,59372,2023-03-30,2024-05-21,36,B.Sc,3.8,Yes,Pune
380,401,Employee_401,Female,Sales,Sales Associate,75037,2018-12-29,2021-02-07,38,MBA,4.0,Yes,Pune
381,402,Employee_402,Female,IT,Business Analyst,48384,2017-11-04,2025-04-06,31,M.Tech,4.6,Yes,Delhi
382,403,Employee_403,Male,Sales,Sales Manager,54636,2017-10-21,,32,MBA,4.6,No,Delhi
383,404,Employee_404,Female,Operations,Logistics Manager,70393,2016-08-09,2018-11-13,26,MBA,3.1,Yes,Hyderabad
384,405,Employee_405,Male,HR,Recruiter,67073,2025-07-18,,27,BA,5.0,No,Hyderabad
385,406,Employee_406,Female,Sales,Sales Manager,96517,2018-02-15,2025-04-27,28,BBA,4.0,Yes,Delhi
386,407,Employee_407,Male,IT,Business Analyst,57925,2023-10-21,,28,M.Tech,4.5,No,Bangalore
387,408,Employee_408,Male,Operations,Operations Analyst,81516,2021-05-03,,35,MBA,4.9,No,Bangalore
388,409,Employee_409,Male,Operations,Supervisor,87884,2021-12-19,2025-11-03,23,MBA,4.5,Yes,Bangalore
389,410,Employee_410,Male,Sales,Sales Executive,85450,2016-04-25,,34,MBA,3.3,No,Pune
390,411,Employee_411,Female,Sales,Sales Executive,93991,2025-08-21,,32,MBA,3.9,No,Hyderabad
391,412,Employee_412,Male,Finance,Treasury Analyst,63543,2017-09-27,,29,B.Com,4.9,No,Bangalore
392,413,Employee_413,Male,Sales,Sales Associate,48598,2023-10-13,2025-08-28,23,BBA,3.2,Yes,Hyderabad
393,414,Employee_414,Female,Operations,Team Lead,78923,2025-08-12,2025-10-10,44,BBA,4.3,Yes,Bangalore
394,415,Employee_415,Female,HR,HR Coordinator,48099,2020-01-06,2023-06-22,31,MBA,4.4,Yes,Bangalore
395,416,Employee_416,Female,IT,Software Developer,57693,2019-03-03,2020-07-27,42,M.Tech,3.3,Yes,Pune
396,417,Employee_417,Female,IT,Software Engineer,72619,2023-12-04,2025-12-23,42,B.Tech,4.6,Yes,Delhi
397,418,Employee_418,Female,Finance,Financial Analyst,42582,2020-01-02,,38,B.Com,4.4,No,Delhi
398,419,Employee_419,Male,IT,Software Engineer,84016,2025-02-25,2025-12-13,26,M.Tech,4.3,Yes,Bangalore
399,420,Employee_420,Male,IT,Data Engineer,82227,2023-07-24,2025-12-02,37,B.Sc,3.5,Yes,Bangalore
400,421,Employee_421,Male,IT,Data Engineer,63607,2017-02-28,2025-09-29,44,B.Sc,3.9,Yes,Bangalore
401,422,Employee_422,Male,IT,Data Analyst,83473,2018-11-23,,28,B.Sc,3.7,No,Pune
402,423,Employee_423,Female,IT,Data Engineer,93409,2022-04-23,,28,B.Tech,3.8,No,Delhi
403,424,Employee_424,Female,HR,HR Coordinator,82522,2016-03-19,2017-06-16,28,BA,3.3,Yes,Mumbai
404,425,Employee_425,Female,Operations,Operations Analyst,92577,2019-10-09,,44,MBA,3.4,No,Delhi
405,426,Employee_426,Male,Sales,Sales Manager,71989,2024-11-19,,36,MBA,3.1,No,Delhi
406,427,Employee_427,Male,Operations,Supervisor,83898,2016-05-11,2020-04-26,33,BBA,3.9,Yes,Hyderabad
407,428,Employee_428,Female,Sales,Sales Associate,98462,2019-04-12,2024-08-15,24,BBA,4.3,Yes,Pune
408,429,Employee_429,Female,Sales,Sales Executive,89245,2020-08-21,,33,BBA,3.7,No,Bangalore
409,430,Employee_430,Male,Operations,Operations Analyst,66429,2016-12-27,,30,BBA,3.9,No,Bangalore
410,431,Employee_431,Female,HR,Recruiter,47779,2020-07-28,,43,BA,3.2,No,Bangalore
411,432,Employee_432,Male,IT,Software Developer,80571,2019-01-01,,32,M.Tech,4.1,No,Delhi
412,433,Employee_433,Female,IT,Data Analyst,95333,2021-01-20,,33,M.Tech,4.5,No,Delhi
413,434,Employee_434,Female,IT,Software Engineer,89762,2018-10-06,,30,B.Tech,3.7,No,Pune
414,435,Employee_435,Female,IT,Software Engineer,98777,2024-04-23,,38,B.Tech,4.6,No,Bangalore
415,436,Employee_436,Female,Operations,Supervisor,52290,2024-10-18,2025-01-11,35,BBA,3.9,Yes,Delhi
416,437,Employee_437,Female,IT,Software Developer,48075,2017-06-29,2017-08-15,37,B.Sc,4.3,Yes,Hyderabad
417,438,Employee_438,Male,Operations,Operations Analyst,94972,2019-08-04,2020-10-31,38,BBA,4.4,Yes,Mumbai
418,439,Employee_439,Female,Operations,Logistics Manager,73037,2016-04-07,2020-10-22,35,MBA,5.0,Yes,Delhi
419,440,Employee_440,Female,Finance,Treasury Analyst,92743,2024-08-27,,27,MBA,4.2,No,Pune
420,441,Employee_441,Female,Operations,Supervisor,53165,2023-10-20,2025-04-17,42,MBA,4.4,Yes,Mumbai
421,442,Employee_442,Female,IT,Data Engineer,76849,2020-10-06,,41,M.Tech,4.9,No,Pune
422,443,Employee_443,Female,HR,HR Manager,74257,2024-12-15,2025-05-30,23,MBA,3.3,Yes,Mumbai
423,444,Employee_444,Male,Finance,Auditor,49596,2016-09-26,2025-12-12,24,MBA,3.4,Yes,Delhi
424,445,Employee_445,Female,IT,Software Developer,96887,2018-07-30,,40,B.Tech,4.5,No,Mumbai
425,446,Employee_446,Female,IT,Business Analyst,65398,2021-06-24,2025-09-24,44,B.Sc,4.9,Yes,Bangalore
426,447,Employee_447,Female,Sales,Sales Associate,96940,2017-05-24,,37,BBA,4.8,No,Pune
427,448,Employee_448,Male,Sales,Sales Manager,69413,2024-02-29,2024-07-30,44,BBA,3.4,Yes,Pune
428,449,Employee_449,Female,IT,Business Analyst,58291,2019-11-29,,31,B.Tech,3.3,No,Bangalore
429,450,Employee_450,Female,HR,HR Executive,42617,2024-06-05,,33,BA,4.5,No,Hyderabad
430,451,Employee_451,Female,IT,Data Engineer,74432,2023-09-08,2025-04-16,28,M.Tech,3.1,Yes,Hyderabad
431,452,Employee_452,Female,IT,Data Engineer,54496,2016-03-30,,29,M.Tech,3.7,No,Delhi
432,453,Employee_453,Male,Operations,Operations Analyst,76787,2016-11-30,,43,BBA,3.2,No,Hyderabad
433,454,Employee_454,Male,Operations,Supervisor,42613,2018-07-01,2021-06-15,33,MBA,4.8,Yes,Hyderabad
434,455,Employee_455,Female,IT,Software Developer,93877,2017-07-06,,34,M.Tech,4.6,No,Hyderabad
435,456,Employee_456,Male,Finance,Financial Analyst,60992,2020-05-22,2022-11-01,25,B.Com,3.3,Yes,Bangalore
436,457,Employee_457,Male,HR,HR Manager,53472,2020-02-14,2020-06-20,45,MBA,4.3,Yes,Mumbai
437,458,Employee_458,Female,Finance,Accountant,45735,2025-04-30,2025-09-23,24,B.Com,4.6,Yes,Pune
438,459,Employee_459,Female,HR,HR Coordinator,69564,2019-01-31,,35,MBA,3.6,No,Bangalore
439,460,Employee_460,Male,Operations,Team Lead,89542,2017-10-14,2023-07-04,41,BBA,4.4,Yes,Delhi
440,461,Employee_461,Male,Finance,Auditor,79751,2025-03-07,2025-06-25,32,MBA,3.8,Yes,Hyderabad
441,462,Employee_462,Male,Sales,Sales Associate,65624,2017-03-20,2024-11-22,40,MBA,4.9,Yes,Delhi
442,463,Employee_463,Female,IT,Software Developer,97328,2019-12-05,,27,B.Tech,3.1,No,Pune
443,464,Employee_464,Male,Finance,Financial Analyst,89040,2017-11-02,2019-12-25,34,B.Com,3.8,Yes,Mumbai
444,465,Employee_465,Male,Operations,Logistics Manager,52735,2024-11-12,,28,BBA,4.7,No,Pune
445,466,Employee_466,Male,Finance,Accountant,56429,2025-01-18,,29,MBA,4.9,No,Mumbai
446,467,Employee_467,Male,IT,Data Engineer,80600,2025-05-15,,29,B.Sc,4.0,No,Pune
447,468,Employee_468,Female,Operations,Supervisor,77064,2019-10-18,2023-05-22,34,MBA,4.9,Yes,Bangalore
448,469,Employee_469,Male,Sales,Sales Associate,88484,2018-12-19,2024-06-05,36,MBA,4.7,Yes,Delhi
449,470,Employee_470,Female,HR,Recruiter,90775,2022-09-22,2023-08-04,38,BA,3.4,Yes,Delhi
450,471,Employee_471,Male,Finance,Accountant,87672,2025-04-22,,23,B.Com,4.6,No,Pune
451,472,Employee_472,Male,IT,Software Developer,57079,2020-01-21,2024-07-15,40,B.Sc,4.3,Yes,Delhi
452,473,Employee_473,Male,Operations,Logistics Manager,48774,2020-12-09,2025-10-10,39,BBA,3.8,Yes,Mumbai
453,474,Employee_474,Male,Operations,Supervisor,69243,2024-05-13,,28,BBA,4.5,No,Delhi
454,475,Employee_475,Male,Sales,Sales Manager,55187,2025-06-12,2026-01-30,31,MBA,3.5,Yes,Pune
455,476,Employee_476,Female,HR,HR Coordinator,69795,2016-04-07,,24,BA,5.0,No,Bangalore
456,477,Employee_477,Female,Finance,Financial Analyst,64684,2018-10-27,2021-09-21,35,MBA,4.2,Yes,Pune
457,478,Employee_478,Female,Sales,Sales Associate,66597,2022-03-12,2023-01-20,34,MBA,4.6,Yes,Pune
458,479,Employee_479,Female,Sales,Sales Executive,45052,2020-05-19,2024-07-10,43,MBA,3.4,Yes,Mumbai
459,480,Employee_480,Male,Sales,Sales Manager,93161,2022-06-13,,26,MBA,4.4,No,Mumbai
460,481,Employee_481,Male,HR,HR Manager,55969,2025-09-01,2025-11-07,27,BA,3.3,Yes,Pune
461,482,Employee_482,Male,Sales,Sales Manager,51798,2020-05-10,,35,BBA,4.8,No,Bangalore
462,483,Employee_483,Male,HR,HR Coordinator,96839,2020-10-01,2025-06-07,28,BA,4.7,Yes,Pune
463,484,Employee_484,Male,Operations,Logistics Manager,50991,2018-01-11,2022-05-09,44,MBA,4.8,Yes,Mumbai
464,485,Employee_485,Female,Sales,Sales Executive,41085,2023-11-19,2025-04-19,39,MBA,4.7,Yes,Mumbai
465,486,Employee_486,Male,Operations,Team Lead,46107,2020-09-28,2023-10-02,44,BBA,4.8,Yes,Hyderabad
466,487,Employee_487,Female,Finance,Accountant,85720,2020-03-17,,36,B.Com,4.9,No,Hyderabad
467,488,Employee_488,Female,Operations,Team Lead,67884,2024-08-25,2025-11-16,31,MBA,4.5,Yes,Delhi
468,489,Employee_489,Female,Sales,Sales Executive,86474,2017-10-24,,23,BBA,4.0,No,Mumbai
469,490,Employee_490,Female,HR,Recruiter,46985,2024-06-01,,36,MBA,3.5,No,Pune
470,491,Employee_491,Female,Operations,Logistics Manager,84604,2021-09-11,,29,MBA,4.1,No,Mumbai
471,492,Employee_492,Female,Operations,Operations Analyst,56631,2022-09-17,,41,MBA,4.5,No,Mumbai
472,493,Employee_493,Male,Sales,Sales Manager,91321,2018-04-23,,28,BBA,3.4,No,Delhi
473,494,Employee_494,Male,Sales,Sales Manager,81672,2026-02-03,,25,BBA,3.9,No,Bangalore
474,495,Employee_495,Male,Finance,Financial Analyst,64303,2025-04-03,,42,B.Com,4.4,No,Pune
475,496,Employee_496,Female,Operations,Team Lead,90699,2016-12-14,2020-03-29,28,MBA,3.9,Yes,Pune
476,497,Employee_497,Male,IT,Software Developer,73459,2020-05-14,2023-02-17,45,B.Tech,4.2,Yes,Delhi
477,498,Employee_498,Male,Sales,Sales Executive,58083,2017-05-29,,35,MBA,4.3,No,Pune
478,499,Employee_499,Male,Operations,Team Lead,88295,2018-04-05,,25,BBA,4.1,No,Delhi
479,500,Employee_500,Female,Sales,Sales Associate,52748,2021-01-19,,35,BBA,3.5,No,Pune
480,501,Employee_501,Male,Operations,Team Lead,72975,2022-11-07,,33,BBA,4.6,No,Pune
481,502,Employee_502,Female,HR,HR Coordinator,76907,2020-09-23,,30,MBA,4.9,No,Hyderabad
482,503,Employee_503,Male,HR,HR Manager,56896,2025-05-24,2025-10-06,35,BA,4.4,Yes,Delhi
483,504,Employee_504,Female,Operations,Team Lead,85928,2016-10-26,,31,BBA,3.6,No,Delhi
484,505,Employee_505,Male,Operations,Supervisor,71231,2022-08-19,,34,BBA,4.8,No,Mumbai
485,506,Employee_506,Male,HR,HR Executive,55391,2017-11-26,2024-12-02,30,MBA,3.4,Yes,Mumbai
486,507,Employee_507,Female,Sales,Sales Executive,47856,2025-04-09,2025-11-15,44,MBA,4.2,Yes,Hyderabad
487,508,Employee_508,Female,HR,Recruiter,72165,2024-02-06,2025-08-27,39,MBA,3.8,Yes,Bangalore
488,509,Employee_509,Female,HR,HR Manager,72930,2022-04-04,2024-12-01,35,BA,3.9,Yes,Pune
489,510,Employee_510,Female,IT,Software Engineer,84178,2023-10-15,,35,M.Tech,3.2,No,Pune
490,511,Employee_511,Female,Sales,Sales Associate,57226,2023-06-29,,31,MBA,4.9,No,Delhi
491,512,Employee_512,Male,HR,HR Coordinator,53797,2021-06-14,,45,MBA,3.7,No,Delhi
492,513,Employee_513,Female,Sales,Sales Associate,48594,2019-09-11,,44,BBA,4.6,No,Mumbai
493,514,Employee_514,Female,HR,HR Executive,49558,2017-03-07,2022-11-12,27,MBA,4.6,Yes,Hyderabad
494,515,Employee_515,Male,Operations,Logistics Manager,91467,2020-09-10,2021-04-30,32,MBA,4.1,Yes,Hyderabad
495,516,Employee_516,Male,IT,Data Analyst,93334,2023-04-20,,38,M.Tech,3.2,No,Delhi
496,517,Employee_517,Female,Finance,Auditor,62553,2025-12-05,2026-02-09,36,B.Com,3.7,Yes,Pune
497,518,Employee_518,Male,Finance,Auditor,61305,2018-08-08,,39,MBA,4.5,No,Bangalore
498,519,Employee_519,Female,Operations,Logistics Manager,70392,2019-01-25,,27,BBA,4.3,No,Hyderabad
499,520,Employee_520,Female,IT,Software Engineer,50616,2022-04-19,,30,B.Sc,3.6,No,Delhi
500,521,Employee_521,Female,Finance,Treasury Analyst,91181,2016-06-22,2017-12-16,34,MBA,3.8,Yes,Bangalore
501,522,Employee_522,Male,Finance,Accountant,53800,2024-04-12,,35,B.Com,3.2,No,Pune
502,523,Employee_523,Male,IT,Business Analyst,74339,2017-07-28,2024-12-30,25,B.Tech,3.5,Yes,Bangalore
503,524,Employee_524,Female,Finance,Financial Analyst,56213,2017-11-17,2019-11-15,32,MBA,4.3,Yes,Pune
504,525,Employee_525,Male,IT,Data Engineer,96385,2022-07-03,,38,B.Sc,4.9,No,Pune
505,526,Employee_526,Female,Sales,Sales Associate,75342,2024-03-01,,41,MBA,4.3,No,Pune
506,527,Employee_527,Female,Finance,Treasury Analyst,75367,2023-08-09,,25,MBA,3.6,No,Delhi
507,528,Employee_528,Male,Finance,Accountant,40006,2020-04-13,2025-09-18,27,MBA,3.6,Yes,Hyderabad
508,529,Employee_529,Female,IT,Business Analyst,92295,2022-11-13,,42,B.Tech,4.6,No,Mumbai
509,530,Employee_530,Female,Operations,Operations Analyst,65870,2023-05-08,2023-08-27,28,MBA,4.7,Yes,Delhi
510,531,Employee_531,Female,Sales,Sales Associate,90104,2017-03-07,,42,MBA,3.6,No,Hyderabad
511,532,Employee_532,Male,IT,Data Analyst,48953,2022-11-26,,26,M.Tech,3.9,No,Delhi
512,533,Employee_533,Female,Sales,Sales Manager,41271,2024-06-11,2025-04-12,24,BBA,3.4,Yes,Delhi
513,534,Employee_534,Male,HR,HR Manager,55257,2025-02-20,,27,BA,4.0,No,Hyderabad
514,535,Employee_535,Female,HR,Recruiter,70388,2018-05-03,2021-05-28,24,MBA,3.2,Yes,Bangalore
515,536,Employee_536,Female,IT,Software Developer,70811,2024-02-12,2024-11-22,29,B.Sc,4.6,Yes,Bangalore
516,537,Employee_537,Female,HR,HR Executive,88340,2025-10-10,2026-02-02,29,MBA,4.5,Yes,Pune
517,538,Employee_538,Male,HR,HR Coordinator,84659,2022-08-26,2025-08-26,33,BA,4.3,Yes,Pune
518,539,Employee_539,Male,Finance,Treasury Analyst,81846,2022-10-20,2024-03-16,29,MBA,4.8,Yes,Bangalore
519,540,Employee_540,Female,Finance,Accountant,50968,2017-03-30,2017-10-18,31,B.Com,3.8,Yes,Bangalore
520,541,Employee_541,Female,Operations,Supervisor,64339,2017-07-04,2021-05-20,25,BBA,3.3,Yes,Pune
521,542,Employee_542,Male,IT,Data Engineer,82242,2024-06-04,2025-02-27,45,M.Tech,4.6,Yes,Hyderabad
522,543,Employee_543,Female,Operations,Logistics Manager,92790,2021-03-26,,29,BBA,4.4,No,Mumbai
523,544,Employee_544,Female,IT,Business Analyst,86309,2021-03-30,,40,B.Sc,4.1,No,Mumbai
524,545,Employee_545,Male,Operations,Logistics Manager,61212,2017-12-09,2023-12-23,37,MBA,4.7,Yes,Bangalore
525,546,Employee_546,Male,HR,Recruiter,93701,2023-03-14,,40,MBA,3.9,No,Mumbai
526,547,Employee_547,Male,Operations,Logistics Manager,90857,2019-03-13,,30,MBA,4.4,No,Mumbai
527,548,Employee_548,Female,Operations,Supervisor,80176,2022-12-23,2025-12-28,33,MBA,4.3,Yes,Bangalore
528,549,Employee_549,Male,IT,Data Analyst,51707,2016-05-10,2016-10-17,24,B.Tech,3.2,Yes,Bangalore
529,550,Employee_550,Female,HR,Recruiter,43216,2022-01-16,2022-07-28,30,BA,3.0,Yes,Hyderabad
530,551,Employee_551,Female,IT,Data Engineer,76570,2017-10-24,2020-11-15,36,B.Sc,4.6,Yes,Pune
531,552,Employee_552,Male,IT,Data Engineer,45107,2023-09-24,2024-11-21,39,B.Tech,3.2,Yes,Pune
532,553,Employee_553,Male,Sales,Sales Associate,83049,2023-05-13,,41,BBA,4.1,No,Bangalore
533,554,Employee_554,Female,HR,HR Coordinator,97856,2024-12-25,,28,BA,4.1,No,Mumbai
534,555,Employee_555,Female,Finance,Auditor,76050,2022-07-06,,34,MBA,4.5,No,Delhi
535,556,Employee_556,Male,Operations,Supervisor,64580,2017-07-25,,40,MBA,3.7,No,Hyderabad
536,557,Employee_557,Female,IT,Software Engineer,58643,2019-06-21,,23,M.Tech,3.3,No,Bangalore
537,558,Employee_558,Female,Sales,Sales Executive,96080,2022-08-15,2022-11-30,23,MBA,4.8,Yes,Bangalore
538,559,Employee_559,Female,Finance,Financial Analyst,49070,2023-03-07,,34,B.Com,3.5,No,Bangalore
539,560,Employee_560,Female,Operations,Supervisor,88120,2025-04-14,2025-10-14,33,MBA,3.3,Yes,Pune
540,561,Employee_561,Male,Operations,Operations Analyst,45143,2017-05-27,,24,MBA,3.7,No,Hyderabad
541,562,Employee_562,Male,Sales,Sales Associate,82780,2016-08-16,,42,BBA,4.3,No,Bangalore
542,563,Employee_563,Female,Operations,Team Lead,60926,2020-02-05,2020-09-28,41,BBA,3.7,Yes,Mumbai
543,564,Employee_564,Female,HR,HR Manager,54554,2021-04-22,,32,MBA,3.3,No,Bangalore
544,565,Employee_565,Female,Operations,Team Lead,75923,2021-09-03,,31,BBA,3.8,No,Mumbai
545,566,Employee_566,Male,HR,HR Executive,71972,2021-09-19,2022-03-14,43,BA,4.1,Yes,Mumbai
546,567,Employee_567,Female,HR,Recruiter,84874,2019-09-10,,25,BA,4.3,No,Delhi
547,568,Employee_568,Female,Sales,Sales Manager,62578,2019-06-29,2024-07-13,43,BBA,4.5,Yes,Delhi
548,569,Employee_569,Male,HR,HR Manager,93619,2023-07-14,2025-09-08,29,MBA,3.3,Yes,Bangalore
549,570,Employee_570,Male,Sales,Sales Associate,49678,2016-05-29,2021-07-15,32,BBA,3.7,Yes,Delhi
550,571,Employee_571,Female,IT,Data Engineer,53697,2017-11-07,,40,B.Tech,3.4,No,Pune
551,572,Employee_572,Female,Operations,Supervisor,85552,2018-04-25,2020-04-21,44,BBA,3.8,Yes,Delhi
552,573,Employee_573,Male,Finance,Financial Analyst,91720,2018-05-05,2022-10-12,42,MBA,3.1,Yes,Bangalore
553,574,Employee_574,Female,Finance,Accountant,41250,2022-11-14,,43,MBA,3.5,No,Pune
554,575,Employee_575,Male,Finance,Treasury Analyst,96804,2019-06-16,,40,B.Com,3.4,No,Pune
555,576,Employee_576,Male,IT,Data Analyst,74695,2022-09-25,2024-10-04,33,B.Sc,3.8,Yes,Bangalore
556,577,Employee_577,Female,Finance,Auditor,55479,2020-07-12,,31,B.Com,4.3,No,Bangalore
557,578,Employee_578,Female,Sales,Sales Executive,62399,2021-09-29,,44,BBA,3.2,No,Pune
558,579,Employee_579,Male,HR,HR Executive,77545,2024-06-09,,36,MBA,4.8,No,Hyderabad
559,580,Employee_580,Male,Sales,Sales Associate,49081,2019-08-21,,40,BBA,4.7,No,Pune
560,581,Employee_581,Male,HR,HR Executive,83006,2019-10-26,2023-06-17,28,MBA,3.1,Yes,Mumbai
561,582,Employee_582,Male,IT,Data Engineer,97680,2021-07-05,,36,B.Sc,3.9,No,Mumbai
562,583,Employee_583,Male,IT,Data Analyst,52107,2025-11-09,2026-01-07,42,M.Tech,3.5,Yes,Pune
563,584,Employee_584,Male,IT,Data Engineer,45208,2018-06-08,,38,B.Tech,4.0,No,Delhi
564,585,Employee_585,Male,HR,HR Coordinator,71054,2024-08-10,,28,BA,3.5,No,Bangalore
565,586,Employee_586,Female,HR,HR Executive,88651,2018-08-16,,29,BA,3.1,No,Pune
566,587,Employee_587,Female,Finance,Treasury Analyst,98168,2023-05-21,,36,MBA,4.6,No,Delhi
567,588,Employee_588,Female,Operations,Team Lead,74121,2024-12-04,2025-09-25,37,MBA,4.7,Yes,Mumbai
568,589,Employee_589,Female,IT,Software Developer,65388,2020-05-12,,43,B.Tech,3.4,No,Hyderabad
569,590,Employee_590,Female,Finance,Treasury Analyst,50910,2021-05-31,2026-02-23,32,B.Com,4.4,Yes,Hyderabad
570,591,Employee_591,Female,IT,Software Developer,47416,2024-02-19,,41,M.Tech,4.1,No,Hyderabad
571,592,Employee_592,Female,HR,HR Manager,51722,2021-01-23,2022-12-17,41,BA,4.8,Yes,Delhi
572,593,Employee_593,Male,IT,Software Engineer,47481,2018-03-26,,37,M.Tech,3.7,No,Pune
573,594,Employee_594,Male,HR,HR Coordinator,42877,2017-07-15,2019-03-29,28,MBA,4.1,Yes,Mumbai
574,595,Employee_595,Male,IT,Business Analyst,60189,2022-09-06,2023-11-25,37,B.Sc,4.3,Yes,Mumbai
575,596,Employee_596,Male,Operations,Logistics Manager,40800,2021-01-03,2026-01-14,38,MBA,4.1,Yes,Pune
576,597,Employee_597,Female,Sales,Sales Executive,78591,2018-10-03,2025-07-26,38,MBA,3.8,Yes,Pune
577,598,Employee_598,Male,Sales,Sales Associate,58226,2019-03-15,2023-03-13,43,BBA,3.1,Yes,Bangalore
578,599,Employee_599,Male,Sales,Sales Executive,83712,2019-09-02,2020-12-21,42,MBA,3.7,Yes,Bangalore
579,600,Employee_600,Female,Sales,Sales Executive,84046,2022-12-18,,42,BBA,4.9,No,Bangalore
580,601,Employee_601,Male,Finance,Auditor,64154,2021-11-25,2024-08-15,25,MBA,4.7,Yes,Delhi
581,602,Employee_602,Male,IT,Data Engineer,61575,2020-03-29,2020-12-22,36,M.Tech,3.4,Yes,Pune
582,603,Employee_603,Male,Operations,Team Lead,71697,2018-01-12,,45,MBA,3.9,No,Delhi
583,604,Employee_604,Female,Sales,Sales Associate,76872,2020-08-01,2021-12-20,39,MBA,4.0,Yes,Pune
584,605,Employee_605,Female,Sales,Sales Executive,47746,2025-11-18,2026-02-09,37,BBA,4.5,Yes,Pune
585,606,Employee_606,Female,IT,Data Engineer,62914,2019-11-13,2022-10-20,43,B.Tech,3.0,Yes,Delhi
586,607,Employee_607,Male,Finance,Auditor,73206,2019-12-26,,33,B.Com,3.2,No,Delhi
587,608,Employee_608,Female,Operations,Team Lead,94528,2024-03-07,,29,MBA,4.7,No,Hyderabad
588,609,Employee_609,Male,Sales,Sales Manager,50183,2019-02-12,,37,MBA,3.9,No,Bangalore
589,610,Employee_610,Female,Operations,Logistics Manager,76384,2020-02-22,,23,BBA,4.2,No,Delhi
590,611,Employee_611,Male,Sales,Sales Manager,95098,2025-10-20,2026-02-04,33,MBA,4.3,Yes,Pune
591,612,Employee_612,Female,Sales,Sales Associate,47657,2016-06-15,,32,MBA,4.4,No,Hyderabad
592,613,Employee_613,Male,HR,HR Executive,64352,2021-01-30,2023-04-06,32,BA,4.1,Yes,Bangalore
593,614,Employee_614,Male,Sales,Sales Executive,69083,2020-06-23,2022-06-19,23,MBA,4.8,Yes,Mumbai
594,615,Employee_615,Female,Operations,Logistics Manager,90825,2022-06-25,2022-10-07,27,BBA,4.6,Yes,Mumbai
595,616,Employee_616,Female,HR,HR Manager,40269,2022-08-31,2025-08-31,24,BA,3.7,Yes,Bangalore
596,617,Employee_617,Female,IT,Software Developer,89708,2022-08-26,2024-04-13,43,B.Tech,3.6,Yes,Delhi
597,618,Employee_618,Female,HR,HR Manager,57868,2024-06-23,2026-01-29,28,MBA,3.2,Yes,Mumbai
598,619,Employee_619,Female,Operations,Logistics Manager,57763,2024-07-25,2025-07-08,45,MBA,4.1,Yes,Bangalore
599,620,Employee_620,Female,Operations,Operations Analyst,43324,2024-09-10,2025-04-24,23,MBA,4.8,Yes,Bangalore
